[{"model": "admin.logentry", "pk": 52, "fields": {"action_time": "2024-11-18T15:45:42.753Z", "user": 11, "content_type": 13, "object_id": "7", "object_repr": "89efacbb5e406f460af3f285c8c42f5f4e88b5d2", "action_flag": 1, "change_message": "[{\"added\": {}}]"}}, {"model": "admin.logentry", "pk": 53, "fields": {"action_time": "2024-11-18T15:46:32.269Z", "user": 11, "content_type": 13, "object_id": "11", "object_repr": "35a914ac1c53c9a45174ad2fd11ecee09dc668a4", "action_flag": 2, "change_message": "[{\"changed\": {\"fields\": [\"User\"]}}]"}}, {"model": "admin.logentry", "pk": 54, "fields": {"action_time": "2024-11-18T16:01:40.277Z", "user": 11, "content_type": 4, "object_id": "2", "object_repr": "Adrian", "action_flag": 3, "change_message": ""}}, {"model": "admin.logentry", "pk": 55, "fields": {"action_time": "2024-11-18T16:01:40.277Z", "user": 11, "content_type": 4, "object_id": "5", "object_repr": "Bob", "action_flag": 3, "change_message": ""}}, {"model": "admin.logentry", "pk": 56, "fields": {"action_time": "2024-11-18T16:01:40.277Z", "user": 11, "content_type": 4, "object_id": "9", "object_repr": "Bowser", "action_flag": 3, "change_message": ""}}, {"model": "admin.logentry", "pk": 57, "fields": {"action_time": "2024-11-18T16:01:40.277Z", "user": 11, "content_type": 4, "object_id": "10", "object_repr": "Julia", "action_flag": 3, "change_message": ""}}, {"model": "admin.logentry", "pk": 58, "fields": {"action_time": "2024-11-18T16:01:40.277Z", "user": 11, "content_type": 4, "object_id": "6", "object_repr": "Laika", "action_flag": 3, "change_message": ""}}, {"model": "admin.logentry", "pk": 59, "fields": {"action_time": "2024-11-18T16:01:40.277Z", "user": 11, "content_type": 4, "object_id": "8", "object_repr": "Luigi", "action_flag": 3, "change_message": ""}}, {"model": "admin.logentry", "pk": 60, "fields": {"action_time": "2024-11-18T16:01:40.277Z", "user": 11, "content_type": 4, "object_id": "3", "object_repr": "Mario", "action_flag": 3, "change_message": ""}}, {"model": "admin.logentry", "pk": 61, "fields": {"action_time": "2024-11-18T16:01:40.277Z", "user": 11, "content_type": 4, "object_id": "4", "object_repr": "Sana", "action_flag": 3, "change_message": ""}}, {"model": "admin.logentry", "pk": 62, "fields": {"action_time": "2024-11-18T16:01:52.885Z", "user": 11, "content_type": 4, "object_id": "7", "object_repr": "Admin", "action_flag": 3, "change_message": ""}}, {"model": "admin.logentry", "pk": 63, "fields": {"action_time": "2024-11-18T16:01:52.885Z", "user": 11, "content_type": 4, "object_id": "1", "object_repr": "admin", "action_flag": 3, "change_message": ""}}, {"model": "admin.logentry", "pk": 64, "fields": {"action_time": "2024-11-22T17:47:23.131Z", "user": 11, "content_type": 4, "object_id": "12", "object_repr": "exit", "action_flag": 3, "change_message": ""}}, {"model": "auth.permission", "pk": 1, "fields": {"name": "Can add log entry", "content_type": 1, "codename": "add_logentry"}}, {"model": "auth.permission", "pk": 2, "fields": {"name": "Can change log entry", "content_type": 1, "codename": "change_logentry"}}, {"model": "auth.permission", "pk": 3, "fields": {"name": "Can delete log entry", "content_type": 1, "codename": "delete_logentry"}}, {"model": "auth.permission", "pk": 4, "fields": {"name": "Can view log entry", "content_type": 1, "codename": "view_logentry"}}, {"model": "auth.permission", "pk": 5, "fields": {"name": "Can add permission", "content_type": 2, "codename": "add_permission"}}, {"model": "auth.permission", "pk": 6, "fields": {"name": "Can change permission", "content_type": 2, "codename": "change_permission"}}, {"model": "auth.permission", "pk": 7, "fields": {"name": "Can delete permission", "content_type": 2, "codename": "delete_permission"}}, {"model": "auth.permission", "pk": 8, "fields": {"name": "Can view permission", "content_type": 2, "codename": "view_permission"}}, {"model": "auth.permission", "pk": 9, "fields": {"name": "Can add group", "content_type": 3, "codename": "add_group"}}, {"model": "auth.permission", "pk": 10, "fields": {"name": "Can change group", "content_type": 3, "codename": "change_group"}}, {"model": "auth.permission", "pk": 11, "fields": {"name": "Can delete group", "content_type": 3, "codename": "delete_group"}}, {"model": "auth.permission", "pk": 12, "fields": {"name": "Can view group", "content_type": 3, "codename": "view_group"}}, {"model": "auth.permission", "pk": 13, "fields": {"name": "Can add user", "content_type": 4, "codename": "add_user"}}, {"model": "auth.permission", "pk": 14, "fields": {"name": "Can change user", "content_type": 4, "codename": "change_user"}}, {"model": "auth.permission", "pk": 15, "fields": {"name": "Can delete user", "content_type": 4, "codename": "delete_user"}}, {"model": "auth.permission", "pk": 16, "fields": {"name": "Can view user", "content_type": 4, "codename": "view_user"}}, {"model": "auth.permission", "pk": 17, "fields": {"name": "Can add content type", "content_type": 5, "codename": "add_contenttype"}}, {"model": "auth.permission", "pk": 18, "fields": {"name": "Can change content type", "content_type": 5, "codename": "change_contenttype"}}, {"model": "auth.permission", "pk": 19, "fields": {"name": "Can delete content type", "content_type": 5, "codename": "delete_contenttype"}}, {"model": "auth.permission", "pk": 20, "fields": {"name": "Can view content type", "content_type": 5, "codename": "view_contenttype"}}, {"model": "auth.permission", "pk": 21, "fields": {"name": "Can add session", "content_type": 6, "codename": "add_session"}}, {"model": "auth.permission", "pk": 22, "fields": {"name": "Can change session", "content_type": 6, "codename": "change_session"}}, {"model": "auth.permission", "pk": 23, "fields": {"name": "Can delete session", "content_type": 6, "codename": "delete_session"}}, {"model": "auth.permission", "pk": 24, "fields": {"name": "Can view session", "content_type": 6, "codename": "view_session"}}, {"model": "auth.permission", "pk": 25, "fields": {"name": "Can add cart", "content_type": 7, "codename": "add_cart"}}, {"model": "auth.permission", "pk": 26, "fields": {"name": "Can change cart", "content_type": 7, "codename": "change_cart"}}, {"model": "auth.permission", "pk": 27, "fields": {"name": "Can delete cart", "content_type": 7, "codename": "delete_cart"}}, {"model": "auth.permission", "pk": 28, "fields": {"name": "Can view cart", "content_type": 7, "codename": "view_cart"}}, {"model": "auth.permission", "pk": 29, "fields": {"name": "Can add order", "content_type": 8, "codename": "add_order"}}, {"model": "auth.permission", "pk": 30, "fields": {"name": "Can change order", "content_type": 8, "codename": "change_order"}}, {"model": "auth.permission", "pk": 31, "fields": {"name": "Can delete order", "content_type": 8, "codename": "delete_order"}}, {"model": "auth.permission", "pk": 32, "fields": {"name": "Can view order", "content_type": 8, "codename": "view_order"}}, {"model": "auth.permission", "pk": 33, "fields": {"name": "Can add menu item", "content_type": 9, "codename": "add_menuitem"}}, {"model": "auth.permission", "pk": 34, "fields": {"name": "Can change menu item", "content_type": 9, "codename": "change_menuitem"}}, {"model": "auth.permission", "pk": 35, "fields": {"name": "Can delete menu item", "content_type": 9, "codename": "delete_menuitem"}}, {"model": "auth.permission", "pk": 36, "fields": {"name": "Can view menu item", "content_type": 9, "codename": "view_menuitem"}}, {"model": "auth.permission", "pk": 37, "fields": {"name": "Can add category", "content_type": 10, "codename": "add_category"}}, {"model": "auth.permission", "pk": 38, "fields": {"name": "Can change category", "content_type": 10, "codename": "change_category"}}, {"model": "auth.permission", "pk": 39, "fields": {"name": "Can delete category", "content_type": 10, "codename": "delete_category"}}, {"model": "auth.permission", "pk": 40, "fields": {"name": "Can view category", "content_type": 10, "codename": "view_category"}}, {"model": "auth.permission", "pk": 41, "fields": {"name": "Can add order item", "content_type": 11, "codename": "add_orderitem"}}, {"model": "auth.permission", "pk": 42, "fields": {"name": "Can change order item", "content_type": 11, "codename": "change_orderitem"}}, {"model": "auth.permission", "pk": 43, "fields": {"name": "Can delete order item", "content_type": 11, "codename": "delete_orderitem"}}, {"model": "auth.permission", "pk": 44, "fields": {"name": "Can view order item", "content_type": 11, "codename": "view_orderitem"}}, {"model": "auth.permission", "pk": 45, "fields": {"name": "Can add Token", "content_type": 12, "codename": "add_token"}}, {"model": "auth.permission", "pk": 46, "fields": {"name": "Can change Token", "content_type": 12, "codename": "change_token"}}, {"model": "auth.permission", "pk": 47, "fields": {"name": "Can delete Token", "content_type": 12, "codename": "delete_token"}}, {"model": "auth.permission", "pk": 48, "fields": {"name": "Can view Token", "content_type": 12, "codename": "view_token"}}, {"model": "auth.permission", "pk": 49, "fields": {"name": "Can add token", "content_type": 13, "codename": "add_tokenproxy"}}, {"model": "auth.permission", "pk": 50, "fields": {"name": "Can change token", "content_type": 13, "codename": "change_tokenproxy"}}, {"model": "auth.permission", "pk": 51, "fields": {"name": "Can delete token", "content_type": 13, "codename": "delete_tokenproxy"}}, {"model": "auth.permission", "pk": 52, "fields": {"name": "Can view token", "content_type": 13, "codename": "view_tokenproxy"}}, {"model": "auth.permission", "pk": 53, "fields": {"name": "Can add booking", "content_type": 14, "codename": "add_booking"}}, {"model": "auth.permission", "pk": 54, "fields": {"name": "Can change booking", "content_type": 14, "codename": "change_booking"}}, {"model": "auth.permission", "pk": 55, "fields": {"name": "Can delete booking", "content_type": 14, "codename": "delete_booking"}}, {"model": "auth.permission", "pk": 56, "fields": {"name": "Can view booking", "content_type": 14, "codename": "view_booking"}}, {"model": "auth.permission", "pk": 57, "fields": {"name": "Can add menu", "content_type": 15, "codename": "add_menu"}}, {"model": "auth.permission", "pk": 58, "fields": {"name": "Can change menu", "content_type": 15, "codename": "change_menu"}}, {"model": "auth.permission", "pk": 59, "fields": {"name": "Can delete menu", "content_type": 15, "codename": "delete_menu"}}, {"model": "auth.permission", "pk": 60, "fields": {"name": "Can view menu", "content_type": 15, "codename": "view_menu"}}, {"model": "auth.permission", "pk": 61, "fields": {"name": "Can add category", "content_type": 16, "codename": "add_category"}}, {"model": "auth.permission", "pk": 62, "fields": {"name": "Can change category", "content_type": 16, "codename": "change_category"}}, {"model": "auth.permission", "pk": 63, "fields": {"name": "Can delete category", "content_type": 16, "codename": "delete_category"}}, {"model": "auth.permission", "pk": 64, "fields": {"name": "Can view category", "content_type": 16, "codename": "view_category"}}, {"model": "auth.permission", "pk": 65, "fields": {"name": "Can add reservation", "content_type": 17, "codename": "add_reservation"}}, {"model": "auth.permission", "pk": 66, "fields": {"name": "Can change reservation", "content_type": 17, "codename": "change_reservation"}}, {"model": "auth.permission", "pk": 67, "fields": {"name": "Can delete reservation", "content_type": 17, "codename": "delete_reservation"}}, {"model": "auth.permission", "pk": 68, "fields": {"name": "Can view reservation", "content_type": 17, "codename": "view_reservation"}}, {"model": "auth.permission", "pk": 69, "fields": {"name": "Can add menu item", "content_type": 18, "codename": "add_menuitem"}}, {"model": "auth.permission", "pk": 70, "fields": {"name": "Can change menu item", "content_type": 18, "codename": "change_menuitem"}}, {"model": "auth.permission", "pk": 71, "fields": {"name": "Can delete menu item", "content_type": 18, "codename": "delete_menuitem"}}, {"model": "auth.permission", "pk": 72, "fields": {"name": "Can view menu item", "content_type": 18, "codename": "view_menuitem"}}, {"model": "auth.permission", "pk": 73, "fields": {"name": "Can add order", "content_type": 19, "codename": "add_order"}}, {"model": "auth.permission", "pk": 74, "fields": {"name": "Can change order", "content_type": 19, "codename": "change_order"}}, {"model": "auth.permission", "pk": 75, "fields": {"name": "Can delete order", "content_type": 19, "codename": "delete_order"}}, {"model": "auth.permission", "pk": 76, "fields": {"name": "Can view order", "content_type": 19, "codename": "view_order"}}, {"model": "auth.permission", "pk": 77, "fields": {"name": "Can add order item", "content_type": 20, "codename": "add_orderitem"}}, {"model": "auth.permission", "pk": 78, "fields": {"name": "Can change order item", "content_type": 20, "codename": "change_orderitem"}}, {"model": "auth.permission", "pk": 79, "fields": {"name": "Can delete order item", "content_type": 20, "codename": "delete_orderitem"}}, {"model": "auth.permission", "pk": 80, "fields": {"name": "Can view order item", "content_type": 20, "codename": "view_orderitem"}}, {"model": "auth.permission", "pk": 81, "fields": {"name": "Can add cart", "content_type": 21, "codename": "add_cart"}}, {"model": "auth.permission", "pk": 82, "fields": {"name": "Can change cart", "content_type": 21, "codename": "change_cart"}}, {"model": "auth.permission", "pk": 83, "fields": {"name": "Can delete cart", "content_type": 21, "codename": "delete_cart"}}, {"model": "auth.permission", "pk": 84, "fields": {"name": "Can view cart", "content_type": 21, "codename": "view_cart"}}, {"model": "auth.group", "pk": 2, "fields": {"name": "Delivery crew", "permissions": []}}, {"model": "auth.group", "pk": 3, "fields": {"name": "Managers", "permissions": []}}, {"model": "auth.user", "pk": 11, "fields": {"password": "pbkdf2_sha256$870000$Uk0YrRuuaOMCYfLO1jvGro$E4CZB3QCIJZptQYrLKywaeKjKCYjYOtsdGYvLZX1AYI=", "last_login": "2024-11-22T17:46:59.014Z", "is_superuser": true, "username": "remusamd", "first_name": "", "last_name": "", "email": "sumerx2000@yahoo.com", "is_staff": true, "is_active": true, "date_joined": "2024-11-18T15:30:35.545Z", "groups": [], "user_permissions": []}}, {"model": "contenttypes.contenttype", "pk": 1, "fields": {"app_label": "admin", "model": "logentry"}}, {"model": "contenttypes.contenttype", "pk": 2, "fields": {"app_label": "auth", "model": "permission"}}, {"model": "contenttypes.contenttype", "pk": 3, "fields": {"app_label": "auth", "model": "group"}}, {"model": "contenttypes.contenttype", "pk": 4, "fields": {"app_label": "auth", "model": "user"}}, {"model": "contenttypes.contenttype", "pk": 5, "fields": {"app_label": "contenttypes", "model": "contenttype"}}, {"model": "contenttypes.contenttype", "pk": 6, "fields": {"app_label": "sessions", "model": "session"}}, {"model": "contenttypes.contenttype", "pk": 7, "fields": {"app_label": "LittleLemonAPI", "model": "cart"}}, {"model": "contenttypes.contenttype", "pk": 8, "fields": {"app_label": "LittleLemonAPI", "model": "order"}}, {"model": "contenttypes.contenttype", "pk": 9, "fields": {"app_label": "LittleLemonAPI", "model": "menuitem"}}, {"model": "contenttypes.contenttype", "pk": 10, "fields": {"app_label": "LittleLemonAPI", "model": "category"}}, {"model": "contenttypes.contenttype", "pk": 11, "fields": {"app_label": "LittleLemonAPI", "model": "orderitem"}}, {"model": "contenttypes.contenttype", "pk": 12, "fields": {"app_label": "authtoken", "model": "token"}}, {"model": "contenttypes.contenttype", "pk": 13, "fields": {"app_label": "authtoken", "model": "tokenproxy"}}, {"model": "contenttypes.contenttype", "pk": 14, "fields": {"app_label": "reservation", "model": "booking"}}, {"model": "contenttypes.contenttype", "pk": 15, "fields": {"app_label": "reservation", "model": "menu"}}, {"model": "contenttypes.contenttype", "pk": 16, "fields": {"app_label": "reservation", "model": "category"}}, {"model": "contenttypes.contenttype", "pk": 17, "fields": {"app_label": "reservation", "model": "reservation"}}, {"model": "contenttypes.contenttype", "pk": 18, "fields": {"app_label": "reservation", "model": "menuitem"}}, {"model": "contenttypes.contenttype", "pk": 19, "fields": {"app_label": "reservation", "model": "order"}}, {"model": "contenttypes.contenttype", "pk": 20, "fields": {"app_label": "reservation", "model": "orderitem"}}, {"model": "contenttypes.contenttype", "pk": 21, "fields": {"app_label": "reservation", "model": "cart"}}, {"model": "sessions.session", "pk": "78ublt7wjj6h8vsvk9b1geg89a5xopb7", "fields": {"session_data": ".eJxVjDkOwjAQAP_iGllejC9K-rzB2sPgAHKkOKkQf0dBKaCdGc1LZVyXmtde5jyKOisAdfiFhPwobTNyx3abNE9tmUfSW6J32_UwSXle9vZvULHX79c6wSNzwCQQQUKKHoTIJ2cZzAmjdUTFmkjW-MJXTykIGUvGMxT1_gAAUjge:1tEXkB:Ydy0JRINufFven3XhOvr7GVpEtRTy8iZqRnxrDUq4zc", "expire_date": "2024-12-06T17:46:59.020Z"}}, {"model": "sessions.session", "pk": "9c0hcm2pk6teyk302x7zm11sxk5efd7c", "fields": {"session_data": ".eJxVjDkOwjAQAP_iGllejC9K-rzB2sPgAHKkOKkQf0dBKaCdGc1LZVyXmtde5jyKOisAdfiFhPwobTNyx3abNE9tmUfSW6J32_UwSXle9vZvULHX79c6wSNzwCQQQUKKHoTIJ2cZzAmjdUTFmkjW-MJXTykIGUvGMxT1_gAAUjge:1tEWRG:t4ccpn-N8zEQcsmAb7lg5F0HYSnPXuE0l7-nPY135pI", "expire_date": "2024-12-06T16:23:22.790Z"}}, {"model": "sessions.session", "pk": "x51g7rldbbpc3rcfdpuppxxhrj5fv3dm", "fields": {"session_data": ".eJxVjDsOwjAQBe_iGlly7GQ3lPScwdqPjQPIkeKkQtwdIqWA9s3Me5lI21ri1tISJzVn48zpd2OSR6o70DvV22xlrusysd0Ve9Bmr7Om5-Vw_w4KtfKtPWTIzuU0dMCghF1g7sPA6JIg8yieVQXJB68Y8ugTI2cVggCKvXl_AAJTOQc:1pD5qr:Fk__cfMnSLPCTk8F4FVv7gyA1PTPNRMc1ZvF7fzgCWk", "expire_date": "2023-01-18T15:38:49.615Z"}}, {"model": "authtoken.token", "pk": "35a914ac1c53c9a45174ad2fd11ecee09dc668a4", "fields": {"user": 11, "created": "2023-01-05T22:01:50.614Z"}}]